snr_db,ber_exact,ber_ldl_old,ber_ldl_opt2,se_exact,se_ldl_old,se_ldl_opt2,inv_relerr_old_vs_exact,inv_relerr_opt2_vs_exact,inv_relerr_old_vs_opt2
0.0,0.26513671875,0.26513671875,0.26513671875,31.402552374834976,31.402552374834976,31.402552374834976,2.910380365540573e-16,2.910380365540573e-16,0.0
5.0,0.10498046875,0.10498046875,0.10498046875,54.77375208802543,54.77375208802543,54.77375208802543,2.8914961896706533e-16,2.8914961896706533e-16,0.0
10.0,0.0087890625,0.0087890625,0.0087890625,79.94751057026765,79.94751057026764,79.94751057026764,2.858493679075472e-16,2.858493679075472e-16,0.0
15.0,0.0,0.0,0.0,106.43268794484209,106.43268794484209,106.43268794484209,2.919515414330991e-16,2.919515414330991e-16,0.0
20.0,0.0,0.0,0.0,132.5289826347963,132.52898263479628,132.52898263479628,2.9321328621639165e-16,2.9321328621639165e-16,0.0
